price,title
32790,페루산 프리미엄 애플망고 특품 4kg(9-11과) 
33980,[블랙야크키즈]파인 맨투맨세트룩스 트레이닝세트 2종 택1
10500,자연 모짜렐라 슈레드치즈 1kg  /피자치즈/대용량
10900,아삭달콤 성주 참외 2kg내외(크기랜덤)/2개구매시4.5kg
11400,포슬포슬 햇감자 산지직송 10kg (중) 20년 하지감자
20900,완도 최상급 통통 참전복 1kg  45-55미/쿠폰가 17770원
18800,[진라면]진라면 매운맛 40봉
19900,생생스토리 부사 사과 8kg내외(43-56과내외)/가정용
261750,[블루래빗] IQ BABY 아이큐 베이비
10900,이경희 돼지국밥 600gx4팩 8인분
117000,(레이첼) 2021 제19회 kbs 한국어 능력시험 4급 선정도서
17600,[오설록][오설록] 프리미엄 티 컬렉션
12000,[지오다노]지오다노 스프링세일 반팔 오픈/테리/팬츠 ~73%OFF
108720,(레이첼) 2021 제19회 kbs 한국어 능력시험 5급 선정도서
29930,[블랙야크키즈]BKS 블럭세트 2종 택1
34900,[세타필]세타필 대용량 로션 473ml 3개
21900,[아로퓸]아로퓸 캡슐세제 체리블라썸 (42개입) 봄봄특가
26950,[빔보빔바](신세계하남점)빔보빔바 리본장화 아동장화
48950,[에쓰오일](S-OIL) 모바일 주유권 5만원권/실시간발송
17900,[릴리유]릴리유 퓨어퍼플 물티슈 캡72매X10팩(1BOX)
13900,동죽 쿠폰가11820원/당일채취해감 고창자연산 동죽 3kg
12900,[신세계푸드]밀크앤허니 하니카스테라+소프트제리롤
52720,(행사상품)[20년산]청원농협_왕의밥상_20KG 포 
29900,[산과들에]한줌 견과 원데이오리지널100낱봉  +견과마시다5봉
17000,[노스페이스키즈](현대백화점)[노스페이스키즈]반팔 포켓 티(NT7UL21ALL)기본 반팔티
52000,김동률 - 동행 remastered [LP+CD]  김동률
39800,[지오다노]지오다노 스프링세일 니트/블레이저/팬츠/후드~80%OFF
14900,[베이비베이비]베이비베이비 아기물티슈 트윙클120매 20팩 캡형
24900,소고기 부채살250g (1+1+1+1+1)총5팩1.25kg
31900,[스팸]스팸 클래식 340g 10개
40390,[캐스케이드]2개 Cascade 식기세척기 세제 식세기 어드벤스드 파워 액상 프레쉬 3.54 kg
19900,[오리온]오리온 스마일 FUN박스 784g x2개
34900,[크리넥스]크리넥스 3겹 순수소프트 37MX24롤 X2팩화장지/휴지
16900,토마토 5kg(4번과)/중소과
25900,[닉스]닉스 성인아동 봄 청바지/맨투맨 외 인기아이템 모음
13800,[동원에프앤비]덴마크 테이크 얼라이브 자몽 120ml x48팩
21900,[페레로로쉐]페레로로쉐 T-3 16개/화이트데이 /무료배송
39200,[네파키즈](신세계강남점)[네파키즈]  21SS  신상품   라글란 컬러 블럭 윈드자켓   KHD0651   행사가 49000원
95000,[구글플레이](카드가능) 기프트코드 10만원 / 구글 기프트카드
15900,[해피바스]해피바스마이크로미셀라 딥클렌징폼150g 3개 +포토후기
13900,[스파클]스파클생수 2L 30병
23900,[후아유]봄 간절기 인기아이템 1만원대~
47500,[구글플레이](카드가능) 기프트코드 5만원 / 구글 기프트카드
31500,봄 플란넬 차렵이불 토퍼 침구 풀세트(슈퍼싱글/퀸)
11900,옛날과자 1kg+1kg 추억의 팝핀전병 2박스/오란다/전병
34500,소마 사고력수학 소마셈 단계별KPABCD  세트 선택구매
16900,[팬콧]30%쿠폰 팬콧 남녀/아동 봄 맨투맨/집업/팬츠
38900,[락토핏]종근당건강 락토핏 생유산균 골드 50포 3개(150일분)
51120,[덴티스테]프리미엄 치약 덴티스테 11종
14900,키즈웰 천연과즙 얼려먹는 젤리스트로우 800gx2/젤리
12900,국민간식 핫도그 10+10+10(30개)+2개이상 떡볶이
41950,[에이블루]에이블루 NEW커블체어 와이더 자세/허리 교정의자_찰스
27900,[헬로]헬로 순수 3겹 천연펄프 화장지 30m 30롤 3팩 특가행사
35000,[랩]LAP 봄 BEST 인기상품 특가전 트렌치/원피스/가방~81%
27000,[미샤]3월 미샤데이 기초 전품목 최대 50%
42900,[맥심]모카골드 커피믹스 400T  /국민커피/쿠폰가38900원
41610,[아디다스](신세계경기점)[UNISEX RUNNING] 엣지게임데이 (GZ5280 FY6482 FZ2047 FZ2044 FZ2046 GF0210 GN3536 GN3...
30900,[전북 김제]오색 칵테일 토마토 5kg
10900,[칠성사이다]칠성 사이다 210ml x 30캔
37900,[햇반]CJ 햇반 210g 36개 (1박스)
12900,그리니 프리미엄 아기물티슈 블루 100매 X 20팩 캡형
34900,[카누]카누 미니 마일드 120Tx2개 총240T 공유의 아메리카노~
39900,[레노마키즈]레노마키즈 남아 경량 다운 점퍼 (R2119J028_11)
10900,[토프]토프 씽크인 주방선반 길이조절 가능
11900,[러브]러브 중형 16px6팩+러브 중형 2px2팩:
39220,[에이블루]NEW 커블체어 와이더 바른자세 허리 교정의자 jj
25350,[스킨천사]1+1 SKIN1004 Madagascar Centella Ampoule 100ml
50900,이성미의 꼼꼼한 알탕 650g 6팩+동태탕 650g 5팩
126000,(레이첼) 2021 제19회 kbs 한국어 능력시험 3급 선정도서
28900,[아침농산]국산 농부의아침 쌀10kg  2020년산 햅쌀
45700,아이더 SS상품 특가 베스트 성인/키즈 상품 모음전
29900,(30%쿠폰) 씨/비키 외 봄 OPEN 자켓/원피스/블라우스
16900,[닥터아토]에센셜 모이스춰 로션 500ml 2개_B251
26900,[3M]표준형 베이직 물걸레 더블액션 청소포 180매
46020,[스케쳐스][스케쳐스] 울트라플랙스 2 SL0MP20F011-4종택1
19350,[서울우유]서울우유  서울멸균우유 1000ml x 10팩
21900,[스팸]스팸 클래식 200g 10개
14300,브리치x허니제이 S/S 니트/가디건/맨투맨
14900,[팔도비빔면]팔도 비빔면 130g x 20봉 (번들포장)
12800,건강한 유기농 생리대 중형 16p x 3+1팩.
21420,KF94 국산 마스크 100매 식약처인증 의약외품 개별포장
28500,[구글플레이](카드가능) 기프트코드 3만원 / 구글 기프트카드
39500,[맥심]모카골드 커피믹스 180T+180T /신제품/국민커피
17900,[모나리자]모나리자 미용티슈 280매 3입 4개 총12개 각티슈 휴지
50380,[네파](네파) 여성 벨루스 방풍자켓 -7G20601 남성 빅토르 방풍자켓 - 7G10609
15910,[키즈마루]국산 3중 비말차단 마스크  300매 KF-AD MB필터 마스크
180000,창의 사고력 팩토 몬스터 - 베이직/엑스퍼트 교재12권 + 교구12개 세트 선택구매
19900,소갈비살 200g4팩호주+생와사비/2세트구매시다짐육증정
23500,[빈폴스포츠]빈폴스포츠 S/S 신규입고 긴팔티 반팔티 모음
26900,[미래생활]미래생활 순수PURE천연펄프 25m 30롤 x 3팩
11640,(하루 두 장) 맞춤법 따라 쓰기(전4권)  / 2021년 NEW (개정판 16쇄)
12900,스위트바니 봄신상 롱원피스/맨투맨/후드/빅사이즈
29900,[페이지플린]30%쿠폰+무배 봄 할인 찬스~자켓/니트外
26500,[웨스트우드]웨스트우드 2021SS 봄아우터/티셔츠/팬츠 빅세일전
19900,[뮬라웨어]30%+10% 뮬라웨어 스프링세일 파격혜택 Vol.1
16900,[크리넥스]크리넥스 실크소프트 250매X3입X3팩 /곽티슈
105140,[아디다스오리지널][아디다스 오리지널스] [Mens] 오즈위고 {EE6999}
126340,이사도라문 (을파소) 01 이사도라 문 1-11 전11권
19900,[코리아나](스마일쿠폰12%) 앰플엔 3월 환절기 스킨케어 기획전
39000,[셀퓨전씨]토닝 썬스크린 100 50ml+50ml + (50ml 본품용량증정)
16900,생생스토리 고당도 오렌지 블랙라벨 30과 /중소과
44500,[아웃백스테이크하우스](메가박스/아웃백) 영화 외식 결합 디지털 5만원권
17900,[동원참치]라이트 스탠다드 참치 100g 15캔 원터치
23530,[CJ고메]고메 함박 스테이크 152g x10개 (냉장)
13900,[아이러브베베]아이러브베베물티슈핑크100매캡형X20팩
17900,[다우니]초고농축 다우니 섬유유연제 엑스퍼트 실내건조 1L3개s
27900,[로스팜]로스팜 엔네이처 마일드 340g 10개
25820,파격기획가  허밍 by 현영 루즈핏 풀오버 티셔츠 4종
118000,링티 8박스 80회분 + 링티플러스 1박스 + 링티보틀
10900,[쏘피]유기농순면 무표백 생리대 중형 18Px3팩+1팩
21660,새부리형 KF94 대형 마스크 벌크 25매입 4팩 총 100매
13500,[베베앙]베베앙 아기물티슈  시그니처 대용량 100매 캡형 10팩
11900,[제주삼다수]제주삼다수 2L 12병/생수전문배송
32600,업계를 리드하는 기업 3SK택배박스
27900,[코디]허브가든 3겹 화장지 27m 30롤 3팩 휴지
33500,[머스트비]머스트비 봄 신상품 OPEN / 프리시즌 특가 세일
41600,[더블에이]더블에이 A4 복사용지  80g 4000매 2BOX/A4용지
40900,[맥심]맥심 화이트골드 커피믹스 400T : 쿠폰가 36900원~
39900,KF94 국산 순풍 마스크 100매 식약처인증 의약외품
17900,리릿 더 오래쓰는 천연펄프 롤 화장지 40m18롤 2팩
55000,[우포스](신세계강남점)(OOFOS) 우포스 남여 공용 조리 블랙 1000 BLACK
59000,링티 3박스 30회분  레몬맛/복숭아맛 선택 + 전용보틀
30000,(한솔수북) 구름빵 특별한정 스페셜북 세트
132300,(레이첼) 2021 제19회 kbs 한국어 능력시험 누리 선정도서
17900,[팬콧키즈]30%쿠폰 팬콧키즈 맨투맨/셋업/레깅스/원피스
11900,[유한양행]해피홈 알콜스왑 소독솜 100매 4박스 (총 400매)
57500,[팸퍼스]팸퍼스 베이비드라이 5단계 팬티형기저귀36p 4팩
30500,KF94 새부리형 황사 마스크 대형 100매 개별포장 국산
30000,[게스]30% 추가할인 GUESS 봄 세일전
20900,(아이에프웰) 호주산 소갈비살 200gX4팩 총800g(k)
23280,[베비언스]베비언스 킨더밀쉬 1단계 200ml 24입
19000,[미니멜츠]미니멜츠구슬아이스크림15개/2세트+구슬2
10300,[삼육]삼육 고구마호박에게바나나 140ml 24팩
15500,센스물티슈 악어 캡형 100매 10팩+10팩 / 한장씩톡톡
33300,[헤라]센슈얼 프레쉬 누드 틴트  7ml 택1 (3월)
270000,교과서 으뜸 사회탐구 전80권 세트 : 씽씽펜호환도서 교과연계 사회학습 필독서 펜별매
45900,[세타필]세타필 대용량 크림 453g 3개 보습/유아/성인
18500,[맥심]카누 미니 마일드 아메리카노 100T +20T/랜덤발송
26900,[페레로로쉐]페레로로쉐 T-5 12개/화이트데이
27000,[에그머니](카드가능)(에그머니) 온라인 게임상품권 3만원
50070,[질레트]질레트프로쉴드1년팩 (옐로우파워면도기+날11입+젤)
38600,[더블에이]더블에이 A4 복사용지  75g 2BOX 4000매/A4용지
23830,그린터치물티슈(100매)30팩 /아기/순한성분/캡형/국산
16740,블링 휴 3겹 무형광 롤화장지 30M 30롤 2팩
45120,(토토북) A 토토북 베스트 전4권(피자+엄마+유령+대장토끼)
28800,가격동결 득템찬스   슈마레  천연소가죽 리본웨지
19900,[리큐]액체세탁세제 리큐 일반2.1Lx6개
53630,(행사상품)동진협동_간척지쌀_20KG 포 
14500,[이클립스]이클립스 캔디 8개 골라담기 한정판 하트+3종샘플팩
12900,프라이데이 봄신상 빅세일 맨투맨/원피스/빅사이즈/
13900,[아이러브베베]아기물티슈 핑크 캡형X20팩 100매
35600,[디스커버리] 봄 인기상품 윈드재킷/맨투맨/트레이닝 셋업 초특가전
14140,무료배송 페이퍼맥스 고양이 종이컵 2000개/1박스
14900,[Aura]아우라 건조기용 드라이시트 만다린 120매
23900,[풀무원]핫도그 6봉(30개입) 골라담기
16900,리프레쉬 꾸이오징어 180gX2봉
27900,[박스포유]100%직접생산/ 박스포유 택배박스
13800,[동원에프앤비]덴마크 테이크 얼라이브 망고 120ml x48팩
40600,[반스]반스 올드스쿨 스니커즈 VN000D3HY28 블랙
26900,[삼성물산]삼성 프리미엄 그린 A4 복사용지 A4용지 75g 2BOX
18500,[카누]카누 미니  마일드 아메리카노 100T+20T : 행사품~
31500,[프로베스트]프로베스트캣 블루 20kg  / 무료배송 / 박스포장
34900,[하기스매직팬티]하기스 매직팬티뉴컴포트 5단계 공용 70P 1BOX
12800,건강한 유기농 생리대 대형 14p x 3+1팩.
45700,[로지텍]로지텍 G304 무선 게이밍 마우스 병행 밀봉박스새상품
31550,[비비고]비비고 왕교자 1.05kg x2 + 수제진한고기만두 400g x2
45900,[키친아트]프리미엄 세라믹통주물냄비 일반형 큰구성 4종세트
199000,[에어메이드]공기청정기 AMP-600 CA인증 66 정화면적 H13 4중활성탄
